ticket_id,created_at,resolved_at,category,priority,status,building,description,submitted_by,assigned_to,resolution_notes,cost,sla_hours,_source_file,_ingested_at,_pipeline_run_id,_pipeline_actor,_row_hash,_raw_row_json,_rejection_reason
15,TBD,,NULL,urgent!!!,unknown,unknown,duplicate entry please delete,system,,,error,NULL,/Users/ramesh/Projects/InterviewPrep/turgon/medallion_pipeline_turgon/data/raw_tickets.csv,2026-08-17T05:46:07+00:00,23e45cd8-a711-48fa-8055-d280b79af475,ramesh,b8f9cfa30cea56dce112b701cb8f5cd0acfec486b0dd9ce6d71306bc8c041b16,"{""fields"": {""ticket_id"": ""15"", ""created_at"": ""TBD"", ""resolved_at"": """", ""category"": ""NULL"", ""priority"": ""urgent!!!"", ""status"": ""unknown"", ""building"": ""unknown"", ""description"": ""duplicate entry please delete"", ""submitted_by"": ""system"", ""assigned_to"": """", ""resolution_notes"": """", ""cost"": ""error"", ""sla_hours"": ""NULL""}, ""extra_columns"": []}",invalid_ticket_id
N/A,asap,,???,???,unknown,???,asdfasdfasdf,test,,,error,-1,/Users/ramesh/Projects/InterviewPrep/turgon/medallion_pipeline_turgon/data/raw_tickets.csv,2026-08-17T05:46:07+00:00,23e45cd8-a711-48fa-8055-d280b79af475,ramesh,55c3fd68ef291fdb32fd2c579016622dc334f240004386fad5d49fe6c0cf7f3e,"{""fields"": {""ticket_id"": ""N/A"", ""created_at"": ""asap"", ""resolved_at"": """", ""category"": ""???"", ""priority"": ""???"", ""status"": ""unknown"", ""building"": ""???"", ""description"": ""asdfasdfasdf"", ""submitted_by"": ""test"", ""assigned_to"": """", ""resolution_notes"": """", ""cost"": ""error"", ""sla_hours"": ""-1""}, ""extra_columns"": []}",invalid_ticket_id
N/A,not a date,,test,null,NULL,???,asdfasdfasdf,admin,,,,NULL,/Users/ramesh/Projects/InterviewPrep/turgon/medallion_pipeline_turgon/data/raw_tickets.csv,2026-08-17T05:46:07+00:00,23e45cd8-a711-48fa-8055-d280b79af475,ramesh,ff0d8c2fd4a31c938e73f75a49d52b8f7e463194154c99600c098c846e084a8b,"{""fields"": {""ticket_id"": ""N/A"", ""created_at"": ""not a date"", ""resolved_at"": """", ""category"": ""test"", ""priority"": ""null"", ""status"": ""NULL"", ""building"": ""???"", ""description"": ""asdfasdfasdf"", ""submitted_by"": ""admin"", ""assigned_to"": """", ""resolution_notes"": """", ""cost"": """", ""sla_hours"": ""NULL""}, ""extra_columns"": []}",invalid_ticket_id
,,???,DELETE ME,ASAP,unknown,???,NULL,test,,,,,/Users/ramesh/Projects/InterviewPrep/turgon/medallion_pipeline_turgon/data/raw_tickets.csv,2026-08-17T05:46:07+00:00,23e45cd8-a711-48fa-8055-d280b79af475,ramesh,101f3ba56a2ac19754403bca936317d983b8769957f88fa56a621110ce601bba,"{""fields"": {""ticket_id"": """", ""created_at"": """", ""resolved_at"": ""???"", ""category"": ""DELETE ME"", ""priority"": ""ASAP"", ""status"": ""unknown"", ""building"": ""???"", ""description"": ""NULL"", ""submitted_by"": ""test"", ""assigned_to"": """", ""resolution_notes"": """", ""cost"": """", ""sla_hours"": """"}, ""extra_columns"": []}",invalid_ticket_id
N/A,not a date,???,unknown,urgent!!!,,unknown,,test,,,error,-1,/Users/ramesh/Projects/InterviewPrep/turgon/medallion_pipeline_turgon/data/raw_tickets.csv,2026-08-17T05:46:07+00:00,23e45cd8-a711-48fa-8055-d280b79af475,ramesh,aea95cf414d604b3c3afb531063617bfd520c249710217044937293484e4e8b2,"{""fields"": {""ticket_id"": ""N/A"", ""created_at"": ""not a date"", ""resolved_at"": ""???"", ""category"": ""unknown"", ""priority"": ""urgent!!!"", ""status"": """", ""building"": ""unknown"", ""description"": """", ""submitted_by"": ""test"", ""assigned_to"": """", ""resolution_notes"": """", ""cost"": ""error"", ""sla_hours"": ""-1""}, ""extra_columns"": []}",invalid_ticket_id
,00/00/0000,,,urgent!!!,unknown,,,admin,,,NULL,NULL,/Users/ramesh/Projects/InterviewPrep/turgon/medallion_pipeline_turgon/data/raw_tickets.csv,2026-08-17T05:46:07+00:00,23e45cd8-a711-48fa-8055-d280b79af475,ramesh,cdc2a501117f9a7f7c26ab84f44372ae0b4327b04bb949ea800dd501760ef2cf,"{""fields"": {""ticket_id"": """", ""created_at"": ""00/00/0000"", ""resolved_at"": """", ""category"": """", ""priority"": ""urgent!!!"", ""status"": ""unknown"", ""building"": """", ""description"": """", ""submitted_by"": ""admin"", ""assigned_to"": """", ""resolution_notes"": """", ""cost"": ""NULL"", ""sla_hours"": ""NULL""}, ""extra_columns"": []}",invalid_ticket_id
,not a date,???,,null,,,,test,,,,NULL,/Users/ramesh/Projects/InterviewPrep/turgon/medallion_pipeline_turgon/data/raw_tickets.csv,2026-08-17T05:46:07+00:00,23e45cd8-a711-48fa-8055-d280b79af475,ramesh,a550d12a0470bf4ab45dadc45a403724ba8963207acaf3140076c7523e567b3f,"{""fields"": {""ticket_id"": """", ""created_at"": ""not a date"", ""resolved_at"": ""???"", ""category"": """", ""priority"": ""null"", ""status"": """", ""building"": """", ""description"": """", ""submitted_by"": ""test"", ""assigned_to"": """", ""resolution_notes"": """", ""cost"": """", ""sla_hours"": ""NULL""}, ""extra_columns"": []}",invalid_ticket_id
90,TBD,pending,asdf,???,???,test building,.,,,,error,,/Users/ramesh/Projects/InterviewPrep/turgon/medallion_pipeline_turgon/data/raw_tickets.csv,2026-08-17T05:46:07+00:00,23e45cd8-a711-48fa-8055-d280b79af475,ramesh,a1611e2d86d0e517a9fab203067fe99ca6d0e012f2bee9704db4e9b4e40a66cd,"{""fields"": {""ticket_id"": ""90"", ""created_at"": ""TBD"", ""resolved_at"": ""pending"", ""category"": ""asdf"", ""priority"": ""???"", ""status"": ""???"", ""building"": ""test building"", ""description"": ""."", ""submitted_by"": """", ""assigned_to"": """", ""resolution_notes"": """", ""cost"": ""error"", ""sla_hours"": """"}, ""extra_columns"": []}",invalid_ticket_id
N/A,00/00/0000,???,unknown,ASAP,???,???,NULL,admin,,,error,,/Users/ramesh/Projects/InterviewPrep/turgon/medallion_pipeline_turgon/data/raw_tickets.csv,2026-08-17T05:46:07+00:00,23e45cd8-a711-48fa-8055-d280b79af475,ramesh,40248456e97994edc63f9b4091f64c6116e4fa97ae9b9aed71343c49c7b96ddb,"{""fields"": {""ticket_id"": ""N/A"", ""created_at"": ""00/00/0000"", ""resolved_at"": ""???"", ""category"": ""unknown"", ""priority"": ""ASAP"", ""status"": ""???"", ""building"": ""???"", ""description"": ""NULL"", ""submitted_by"": ""admin"", ""assigned_to"": """", ""resolution_notes"": """", ""cost"": ""error"", ""sla_hours"": """"}, ""extra_columns"": []}",invalid_ticket_id
NULL,asap,,,urgent!!!,,,duplicate entry please delete,test,,,,NULL,/Users/ramesh/Projects/InterviewPrep/turgon/medallion_pipeline_turgon/data/raw_tickets.csv,2026-08-17T05:46:07+00:00,23e45cd8-a711-48fa-8055-d280b79af475,ramesh,6a98d666b1cf1dea5e510b22b9d2fdabe12221b9845cb8c62631935bd9b79015,"{""fields"": {""ticket_id"": ""NULL"", ""created_at"": ""asap"", ""resolved_at"": """", ""category"": """", ""priority"": ""urgent!!!"", ""status"": """", ""building"": """", ""description"": ""duplicate entry please delete"", ""submitted_by"": ""test"", ""assigned_to"": """", ""resolution_notes"": """", ""cost"": """", ""sla_hours"": ""NULL""}, ""extra_columns"": []}",invalid_ticket_id
,asap,???,unknown,???,???,unknown,NULL,,,,,NULL,/Users/ramesh/Projects/InterviewPrep/turgon/medallion_pipeline_turgon/data/raw_tickets.csv,2026-08-17T05:46:07+00:00,23e45cd8-a711-48fa-8055-d280b79af475,ramesh,9b1ac2886930ca1e9b9121f4e691cbb70cea1324e600e118f595d5e38a9845f6,"{""fields"": {""ticket_id"": """", ""created_at"": ""asap"", ""resolved_at"": ""???"", ""category"": ""unknown"", ""priority"": ""???"", ""status"": ""???"", ""building"": ""unknown"", ""description"": ""NULL"", ""submitted_by"": """", ""assigned_to"": """", ""resolution_notes"": """", ""cost"": """", ""sla_hours"": ""NULL""}, ""extra_columns"": []}",invalid_ticket_id
,,???,DELETE ME,null,NULL,,,system,,,,-1,/Users/ramesh/Projects/InterviewPrep/turgon/medallion_pipeline_turgon/data/raw_tickets.csv,2026-08-17T05:46:07+00:00,23e45cd8-a711-48fa-8055-d280b79af475,ramesh,46369fddde2ba215be5705d9779e355e30e777cda874f1d03fbb7756a7278ce8,"{""fields"": {""ticket_id"": """", ""created_at"": """", ""resolved_at"": ""???"", ""category"": ""DELETE ME"", ""priority"": ""null"", ""status"": ""NULL"", ""building"": """", ""description"": """", ""submitted_by"": ""system"", ""assigned_to"": """", ""resolution_notes"": """", ""cost"": """", ""sla_hours"": ""-1""}, ""extra_columns"": []}",invalid_ticket_id
NULL,,???,asdf,,unknown,unknown,duplicate entry please delete,test,,,,-1,/Users/ramesh/Projects/InterviewPrep/turgon/medallion_pipeline_turgon/data/raw_tickets.csv,2026-08-17T05:46:07+00:00,23e45cd8-a711-48fa-8055-d280b79af475,ramesh,18ea11c5ca7eb1c940bb1f4a5df9706fd01497b757ccdaf0433c7d6c162e0557,"{""fields"": {""ticket_id"": ""NULL"", ""created_at"": """", ""resolved_at"": ""???"", ""category"": ""asdf"", ""priority"": """", ""status"": ""unknown"", ""building"": ""unknown"", ""description"": ""duplicate entry please delete"", ""submitted_by"": ""test"", ""assigned_to"": """", ""resolution_notes"": """", ""cost"": """", ""sla_hours"": ""-1""}, ""extra_columns"": []}",invalid_ticket_id
N/A,00/00/0000,???,unknown,???,NULL,???,test,,,,error,NULL,/Users/ramesh/Projects/InterviewPrep/turgon/medallion_pipeline_turgon/data/raw_tickets.csv,2026-08-17T05:46:07+00:00,23e45cd8-a711-48fa-8055-d280b79af475,ramesh,f931705185022a58248eeb2ec4f24925035c97060afa11183864dd4db7d0a118,"{""fields"": {""ticket_id"": ""N/A"", ""created_at"": ""00/00/0000"", ""resolved_at"": ""???"", ""category"": ""unknown"", ""priority"": ""???"", ""status"": ""NULL"", ""building"": ""???"", ""description"": ""test"", ""submitted_by"": """", ""assigned_to"": """", ""resolution_notes"": """", ""cost"": ""error"", ""sla_hours"": ""NULL""}, ""extra_columns"": []}",invalid_ticket_id
20,,???,test,ASAP,NULL,test building,,test,,,-999,NULL,/Users/ramesh/Projects/InterviewPrep/turgon/medallion_pipeline_turgon/data/raw_tickets.csv,2026-08-17T05:46:07+00:00,23e45cd8-a711-48fa-8055-d280b79af475,ramesh,89498206294ac00192c4b31ed64ab53ed598b7da372649c6a75281adfa0c88c6,"{""fields"": {""ticket_id"": ""20"", ""created_at"": """", ""resolved_at"": ""???"", ""category"": ""test"", ""priority"": ""ASAP"", ""status"": ""NULL"", ""building"": ""test building"", ""description"": """", ""submitted_by"": ""test"", ""assigned_to"": """", ""resolution_notes"": """", ""cost"": ""-999"", ""sla_hours"": ""NULL""}, ""extra_columns"": []}",invalid_ticket_id
,TBD,???,asdf,urgent!!!,,,duplicate entry please delete,test,,,NULL,,/Users/ramesh/Projects/InterviewPrep/turgon/medallion_pipeline_turgon/data/raw_tickets.csv,2026-08-17T05:46:07+00:00,23e45cd8-a711-48fa-8055-d280b79af475,ramesh,a419cf934c02bdc6cfd62151cf718283b8a490252b8e0360b566e422f2178da1,"{""fields"": {""ticket_id"": """", ""created_at"": ""TBD"", ""resolved_at"": ""???"", ""category"": ""asdf"", ""priority"": ""urgent!!!"", ""status"": """", ""building"": """", ""description"": ""duplicate entry please delete"", ""submitted_by"": ""test"", ""assigned_to"": """", ""resolution_notes"": """", ""cost"": ""NULL"", ""sla_hours"": """"}, ""extra_columns"": []}",invalid_ticket_id
97,00/00/0000,pending,???,urgent!!!,,unknown,IGNORE THIS ROW,,,,NULL,-1,/Users/ramesh/Projects/InterviewPrep/turgon/medallion_pipeline_turgon/data/raw_tickets.csv,2026-08-17T05:46:07+00:00,23e45cd8-a711-48fa-8055-d280b79af475,ramesh,55467d8eccb4ebaa84b51c8c4848bc351595923b8e34c9c0c5144019f70b8da1,"{""fields"": {""ticket_id"": ""97"", ""created_at"": ""00/00/0000"", ""resolved_at"": ""pending"", ""category"": ""???"", ""priority"": ""urgent!!!"", ""status"": """", ""building"": ""unknown"", ""description"": ""IGNORE THIS ROW"", ""submitted_by"": """", ""assigned_to"": """", ""resolution_notes"": """", ""cost"": ""NULL"", ""sla_hours"": ""-1""}, ""extra_columns"": []}",invalid_ticket_id
NULL,,???,test,urgent!!!,,unknown,.,system,,,error,-1,/Users/ramesh/Projects/InterviewPrep/turgon/medallion_pipeline_turgon/data/raw_tickets.csv,2026-08-17T05:46:07+00:00,23e45cd8-a711-48fa-8055-d280b79af475,ramesh,9dafb3516690c461a1622741182149381afca589dc28e6cd0939cd21eaa33975,"{""fields"": {""ticket_id"": ""NULL"", ""created_at"": """", ""resolved_at"": ""???"", ""category"": ""test"", ""priority"": ""urgent!!!"", ""status"": """", ""building"": ""unknown"", ""description"": ""."", ""submitted_by"": ""system"", ""assigned_to"": """", ""resolution_notes"": """", ""cost"": ""error"", ""sla_hours"": ""-1""}, ""extra_columns"": []}",invalid_ticket_id
N/A,TBD,???,unknown,ASAP,,???,.,admin,,,NULL,NULL,/Users/ramesh/Projects/InterviewPrep/turgon/medallion_pipeline_turgon/data/raw_tickets.csv,2026-08-17T05:46:07+00:00,23e45cd8-a711-48fa-8055-d280b79af475,ramesh,ddb62d02c0f47a2b8e9943adebad94cc67efba0eb202ce5af3e981fdfec32c32,"{""fields"": {""ticket_id"": ""N/A"", ""created_at"": ""TBD"", ""resolved_at"": ""???"", ""category"": ""unknown"", ""priority"": ""ASAP"", ""status"": """", ""building"": ""???"", ""description"": ""."", ""submitted_by"": ""admin"", ""assigned_to"": """", ""resolution_notes"": """", ""cost"": ""NULL"", ""sla_hours"": ""NULL""}, ""extra_columns"": []}",invalid_ticket_id
,asap,,NULL,ASAP,NULL,,,,,,-999,,/Users/ramesh/Projects/InterviewPrep/turgon/medallion_pipeline_turgon/data/raw_tickets.csv,2026-08-17T05:46:07+00:00,23e45cd8-a711-48fa-8055-d280b79af475,ramesh,74cc4cc16fef7af87ce090a74b39bcb108281ae9f74459cc9d6e3cbba356909e,"{""fields"": {""ticket_id"": """", ""created_at"": ""asap"", ""resolved_at"": """", ""category"": ""NULL"", ""priority"": ""ASAP"", ""status"": ""NULL"", ""building"": """", ""description"": """", ""submitted_by"": """", ""assigned_to"": """", ""resolution_notes"": """", ""cost"": ""-999"", ""sla_hours"": """"}, ""extra_columns"": []}",invalid_ticket_id
NULL,00/00/0000,,DELETE ME,null,NULL,unknown,duplicate entry please delete,admin,,,error,,/Users/ramesh/Projects/InterviewPrep/turgon/medallion_pipeline_turgon/data/raw_tickets.csv,2026-08-17T05:46:07+00:00,23e45cd8-a711-48fa-8055-d280b79af475,ramesh,4ffaafeb3d2bbab7a6ab7de2e681f7cb0b73abf05c0c0e07fe95695bbd46106f,"{""fields"": {""ticket_id"": ""NULL"", ""created_at"": ""00/00/0000"", ""resolved_at"": """", ""category"": ""DELETE ME"", ""priority"": ""null"", ""status"": ""NULL"", ""building"": ""unknown"", ""description"": ""duplicate entry please delete"", ""submitted_by"": ""admin"", ""assigned_to"": """", ""resolution_notes"": """", ""cost"": ""error"", ""sla_hours"": """"}, ""extra_columns"": []}",invalid_ticket_id
N/A,00/00/0000,never,DELETE ME,,NULL,test building,asdfasdfasdf,test,,,,NULL,/Users/ramesh/Projects/InterviewPrep/turgon/medallion_pipeline_turgon/data/raw_tickets.csv,2026-08-17T05:46:07+00:00,23e45cd8-a711-48fa-8055-d280b79af475,ramesh,e0602ce321baa558fd782e3d7657362f89996fd449ec885b732f4a791e98a89d,"{""fields"": {""ticket_id"": ""N/A"", ""created_at"": ""00/00/0000"", ""resolved_at"": ""never"", ""category"": ""DELETE ME"", ""priority"": """", ""status"": ""NULL"", ""building"": ""test building"", ""description"": ""asdfasdfasdf"", ""submitted_by"": ""test"", ""assigned_to"": """", ""resolution_notes"": """", ""cost"": """", ""sla_hours"": ""NULL""}, ""extra_columns"": []}",invalid_ticket_id
N/A,not a date,???,???,ASAP,unknown,???,NULL,system,,,NULL,-1,/Users/ramesh/Projects/InterviewPrep/turgon/medallion_pipeline_turgon/data/raw_tickets.csv,2026-08-17T05:46:07+00:00,23e45cd8-a711-48fa-8055-d280b79af475,ramesh,a3baefd55144d8d5f3a57b20bdebd85d08a81c5ee024da2823d8d4a9c989a6d6,"{""fields"": {""ticket_id"": ""N/A"", ""created_at"": ""not a date"", ""resolved_at"": ""???"", ""category"": ""???"", ""priority"": ""ASAP"", ""status"": ""unknown"", ""building"": ""???"", ""description"": ""NULL"", ""submitted_by"": ""system"", ""assigned_to"": """", ""resolution_notes"": """", ""cost"": ""NULL"", ""sla_hours"": ""-1""}, ""extra_columns"": []}",invalid_ticket_id
NULL,00/00/0000,???,DELETE ME,ASAP,NULL,???,asdfasdfasdf,test,,,error,NULL,/Users/ramesh/Projects/InterviewPrep/turgon/medallion_pipeline_turgon/data/raw_tickets.csv,2026-08-17T05:46:07+00:00,23e45cd8-a711-48fa-8055-d280b79af475,ramesh,e4d93723e0de9d70dc9259b5308fe46927e4fd58b674f38aeb5b5b6155b9cf1f,"{""fields"": {""ticket_id"": ""NULL"", ""created_at"": ""00/00/0000"", ""resolved_at"": ""???"", ""category"": ""DELETE ME"", ""priority"": ""ASAP"", ""status"": ""NULL"", ""building"": ""???"", ""description"": ""asdfasdfasdf"", ""submitted_by"": ""test"", ""assigned_to"": """", ""resolution_notes"": """", ""cost"": ""error"", ""sla_hours"": ""NULL""}, ""extra_columns"": []}",invalid_ticket_id
,asap,never,,???,NULL,test building,IGNORE THIS ROW,,,,NULL,NULL,/Users/ramesh/Projects/InterviewPrep/turgon/medallion_pipeline_turgon/data/raw_tickets.csv,2026-08-17T05:46:07+00:00,23e45cd8-a711-48fa-8055-d280b79af475,ramesh,fe78ce05333635a749f9d1be3a1a6d3cad12a394f504e2141752b671ce29ec8e,"{""fields"": {""ticket_id"": """", ""created_at"": ""asap"", ""resolved_at"": ""never"", ""category"": """", ""priority"": ""???"", ""status"": ""NULL"", ""building"": ""test building"", ""description"": ""IGNORE THIS ROW"", ""submitted_by"": """", ""assigned_to"": """", ""resolution_notes"": """", ""cost"": ""NULL"", ""sla_hours"": ""NULL""}, ""extra_columns"": []}",invalid_ticket_id
N/A,asap,never,NULL,urgent!!!,,???,.,admin,,,error,NULL,/Users/ramesh/Projects/InterviewPrep/turgon/medallion_pipeline_turgon/data/raw_tickets.csv,2026-08-17T05:46:07+00:00,23e45cd8-a711-48fa-8055-d280b79af475,ramesh,9bf63c6443ab8d97958926c3fefdcce673f1d3ea29d2f89f496b4663215ae7fa,"{""fields"": {""ticket_id"": ""N/A"", ""created_at"": ""asap"", ""resolved_at"": ""never"", ""category"": ""NULL"", ""priority"": ""urgent!!!"", ""status"": """", ""building"": ""???"", ""description"": ""."", ""submitted_by"": ""admin"", ""assigned_to"": """", ""resolution_notes"": """", ""cost"": ""error"", ""sla_hours"": ""NULL""}, ""extra_columns"": []}",invalid_ticket_id
